DROP TABLE IF EXISTS ASSETS;

CREATE TABLE ASSETS (
    ASSET_ID INT AUTO_INCREMENT PRIMARY KEY,
    ASSET_TYPE VARCHAR(100)
);

INSERT INTO ASSETS(ASSET_TYPE) VALUES('TRUCK');
INSERT INTO ASSETS(ASSET_TYPE) VALUES('TRUCK');
INSERT INTO ASSETS(ASSET_TYPE) VALUES('TRUCK');
INSERT INTO ASSETS(ASSET_TYPE) VALUES('TRUCK');

-- 2021-03-15T12:38:28.136789

DROP TABLE IF EXISTS ASSETS_ACTIVE;

CREATE TABLE ASSETS_ACTIVE (
    ASSET_ID INT AUTO_INCREMENT PRIMARY KEY,
    ASSET_TYPE VARCHAR(100),
    LATITUDE DOUBLE,
    LONGITUDE DOUBLE,
    UPDATED TIMESTAMP
);

INSERT INTO ASSETS_ACTIVE(ASSET_ID, ASSET_TYPE, LATITUDE, LONGITUDE, UPDATED) VALUES(1, 'TRUCK', 78.56, 56.32, '2021-03-15T12:38:28.136789');
INSERT INTO ASSETS_ACTIVE(ASSET_ID, ASSET_TYPE, LATITUDE, LONGITUDE, UPDATED) VALUES(2, 'TRUCK', 68.56, 46.32, '2021-03-15T12:38:28.136789');
INSERT INTO ASSETS_ACTIVE(ASSET_ID, ASSET_TYPE, LATITUDE, LONGITUDE, UPDATED) VALUES(3, 'TRUCK', 58.56, 36.32, '2021-03-15T12:38:28.136789');
INSERT INTO ASSETS_ACTIVE(ASSET_ID, ASSET_TYPE, LATITUDE, LONGITUDE, UPDATED) VALUES(4, 'TRUCK', 48.56, 26.32, '2021-03-15T12:38:28.136789');

DROP TABLE IF EXISTS ASSETS_HISTORY;

CREATE TABLE ASSETS_HISTORY (
    ID INT AUTO_INCREMENT PRIMARY KEY,
    ASSET_ID INT,
    ASSET_TYPE VARCHAR(100),
    LATITUDE DOUBLE,
    LONGITUDE DOUBLE,
    UPDATED TIMESTAMP
);

INSERT INTO ASSETS_HISTORY(ASSET_ID, ASSET_TYPE, LATITUDE, LONGITUDE, UPDATED) VALUES(1, 'TRUCK', 48.56, 26.32, '2021-03-15T12:08:28.136789');
INSERT INTO ASSETS_HISTORY(ASSET_ID, ASSET_TYPE, LATITUDE, LONGITUDE, UPDATED) VALUES(1, 'TRUCK', 58.56, 36.32, '2021-03-15T12:18:28.136789');
INSERT INTO ASSETS_HISTORY(ASSET_ID, ASSET_TYPE, LATITUDE, LONGITUDE, UPDATED) VALUES(1, 'TRUCK', 68.56, 46.32, '2021-03-15T12:28:28.136789');
INSERT INTO ASSETS_HISTORY(ASSET_ID, ASSET_TYPE, LATITUDE, LONGITUDE, UPDATED) VALUES(1, 'TRUCK', 78.56, 56.32, '2021-03-15T12:38:28.136789');

INSERT INTO ASSETS_HISTORY(ASSET_ID, ASSET_TYPE, LATITUDE, LONGITUDE, UPDATED) VALUES(2, 'TRUCK', 38.56, 16.32, '2021-03-15T12:08:28.136789');
INSERT INTO ASSETS_HISTORY(ASSET_ID, ASSET_TYPE, LATITUDE, LONGITUDE, UPDATED) VALUES(2, 'TRUCK', 48.56, 26.32, '2021-03-15T12:18:28.136789');
INSERT INTO ASSETS_HISTORY(ASSET_ID, ASSET_TYPE, LATITUDE, LONGITUDE, UPDATED) VALUES(2, 'TRUCK', 58.56, 36.32, '2021-03-15T12:28:28.136789');
INSERT INTO ASSETS_HISTORY(ASSET_ID, ASSET_TYPE, LATITUDE, LONGITUDE, UPDATED) VALUES(2, 'TRUCK', 68.56, 46.32, '2021-03-15T12:38:28.136789');

INSERT INTO ASSETS_HISTORY(ASSET_ID, ASSET_TYPE, LATITUDE, LONGITUDE, UPDATED) VALUES(3, 'TRUCK', 28.56, 16.32, '2021-03-15T12:08:28.136789');
INSERT INTO ASSETS_HISTORY(ASSET_ID, ASSET_TYPE, LATITUDE, LONGITUDE, UPDATED) VALUES(3, 'TRUCK', 38.56, 26.32, '2021-03-15T12:18:28.136789');
INSERT INTO ASSETS_HISTORY(ASSET_ID, ASSET_TYPE, LATITUDE, LONGITUDE, UPDATED) VALUES(3, 'TRUCK', 48.56, 36.32, '2021-03-15T12:28:28.136789');
INSERT INTO ASSETS_HISTORY(ASSET_ID, ASSET_TYPE, LATITUDE, LONGITUDE, UPDATED) VALUES(3, 'TRUCK', 58.56, 36.32, '2021-03-15T12:38:28.136789');

INSERT INTO ASSETS_HISTORY(ASSET_ID, ASSET_TYPE, LATITUDE, LONGITUDE, UPDATED) VALUES(4, 'TRUCK', 18.56, 16.32, '2021-03-15T12:08:28.136789');
INSERT INTO ASSETS_HISTORY(ASSET_ID, ASSET_TYPE, LATITUDE, LONGITUDE, UPDATED) VALUES(4, 'TRUCK', 28.56, 16.32, '2021-03-15T12:18:28.136789');
INSERT INTO ASSETS_HISTORY(ASSET_ID, ASSET_TYPE, LATITUDE, LONGITUDE, UPDATED) VALUES(4, 'TRUCK', 38.56, 26.32, '2021-03-15T12:28:28.136789');
INSERT INTO ASSETS_HISTORY(ASSET_ID, ASSET_TYPE, LATITUDE, LONGITUDE, UPDATED) VALUES(4, 'TRUCK', 48.56, 26.32, '2021-03-15T12:38:28.136789');
