-- DROP TABLE IF EXISTS ASSETS;

-- CREATE TABLE ASSETS (
--     ASSET_ID INT AUTO_INCREMENT PRIMARY KEY,
--     ASSET_TYPE VARCHAR(100)
-- );

INSERT INTO ASSETS(ASSET_TYPE) VALUES('TRUCK');
INSERT INTO ASSETS(ASSET_TYPE) VALUES('TRUCK');
INSERT INTO ASSETS(ASSET_TYPE) VALUES('DEVICES');
INSERT INTO ASSETS(ASSET_TYPE) VALUES('TRUCK');

-- 2021-03-15T12:38:28.136789

-- DROP TABLE IF EXISTS ASSETS_ACTIVE;

-- CREATE TABLE ASSETS_ACTIVE (
--     ASSET_ID INT AUTO_INCREMENT PRIMARY KEY,
--     ASSET_TYPE VARCHAR(100),
--     LATITUDE DOUBLE,
--     LONGITUDE DOUBLE,
--     UPDATED TIMESTAMP
-- );

--34.00514,71.53507

INSERT INTO ASSETS_ACTIVE(ASSET_ID, ASSET_TYPE, LATITUDE, LONGITUDE, UPDATED) VALUES(1, 'TRUCK', 28.16, 76.12, '2021-03-17T12:38:28.136789');
INSERT INTO ASSETS_ACTIVE(ASSET_ID, ASSET_TYPE, LATITUDE, LONGITUDE, UPDATED) VALUES(2, 'TRUCK', 26.51,76.32, '2021-03-19T12:39:28.136789');
INSERT INTO ASSETS_ACTIVE(ASSET_ID, ASSET_TYPE, LATITUDE, LONGITUDE, UPDATED) VALUES(3, 'DEVICES', 24.56, 76.42, '2021-03-21T12:40:28.136789');
INSERT INTO ASSETS_ACTIVE(ASSET_ID, ASSET_TYPE, LATITUDE, LONGITUDE, UPDATED) VALUES(4, 'TRUCK', 22.56, 76.32, '2021-03-23T12:41:28.136789');

-- DROP TABLE IF EXISTS ASSETS_HISTORY;

-- CREATE TABLE ASSETS_HISTORY (
--     ID INT AUTO_INCREMENT PRIMARY KEY,
--     ASSET_ID INT,
--     ASSET_TYPE VARCHAR(100),
--     LATITUDE DOUBLE,
--     LONGITUDE DOUBLE,
--     UPDATED TIMESTAMP
-- );
INSERT INTO ASSETS_HISTORY(ASSET_ID, ASSET_TYPE, LATITUDE, LONGITUDE, UPDATED) VALUES(1, 'TRUCK', 28.16, 76.12, '2021-03-17T12:38:28.136789');
INSERT INTO ASSETS_HISTORY(ASSET_ID, ASSET_TYPE, LATITUDE, LONGITUDE, UPDATED) VALUES(1, 'TRUCK', 28.26, 76.22, '2021-03-15T12:08:28.136789');
INSERT INTO ASSETS_HISTORY(ASSET_ID, ASSET_TYPE, LATITUDE, LONGITUDE, UPDATED) VALUES(1, 'TRUCK', 28.36, 76.32, '2021-03-15T12:18:28.136789');
INSERT INTO ASSETS_HISTORY(ASSET_ID, ASSET_TYPE, LATITUDE, LONGITUDE, UPDATED) VALUES(1, 'TRUCK', 28.46, 76.42, '2021-03-15T12:28:28.136789');
INSERT INTO ASSETS_HISTORY(ASSET_ID, ASSET_TYPE, LATITUDE, LONGITUDE, UPDATED) VALUES(1, 'TRUCK', 28.56, 76.52, '2021-03-15T12:38:28.136789');

INSERT INTO ASSETS_HISTORY(ASSET_ID, ASSET_TYPE, LATITUDE, LONGITUDE, UPDATED) VALUES(2, 'TRUCK', 26.51, 78.32, '2021-03-19T12:39:28.136789');
INSERT INTO ASSETS_HISTORY(ASSET_ID, ASSET_TYPE, LATITUDE, LONGITUDE, UPDATED) VALUES(2, 'TRUCK', 26.53, 78.34, '2021-03-15T12:08:28.136789');
INSERT INTO ASSETS_HISTORY(ASSET_ID, ASSET_TYPE, LATITUDE, LONGITUDE, UPDATED) VALUES(2, 'TRUCK', 26.55, 78.36, '2021-03-15T12:18:28.136789');
INSERT INTO ASSETS_HISTORY(ASSET_ID, ASSET_TYPE, LATITUDE, LONGITUDE, UPDATED) VALUES(2, 'TRUCK', 26.57, 78.38, '2021-03-15T12:28:28.136789');
INSERT INTO ASSETS_HISTORY(ASSET_ID, ASSET_TYPE, LATITUDE, LONGITUDE, UPDATED) VALUES(2, 'TRUCK', 26.59, 78.40, '2021-03-15T12:38:28.136789');

INSERT INTO ASSETS_HISTORY(ASSET_ID, ASSET_TYPE, LATITUDE, LONGITUDE, UPDATED) VALUES(3, 'DEVICES', 24.56, 77.42, '2021-03-21T12:40:28.136789');
INSERT INTO ASSETS_HISTORY(ASSET_ID, ASSET_TYPE, LATITUDE, LONGITUDE, UPDATED) VALUES(3, 'DEVICES', 24.56, 77.44, '2021-03-15T12:08:28.136789');
INSERT INTO ASSETS_HISTORY(ASSET_ID, ASSET_TYPE, LATITUDE, LONGITUDE, UPDATED) VALUES(3, 'DEVICES', 24.56, 77.46, '2021-03-15T12:18:28.136789');
INSERT INTO ASSETS_HISTORY(ASSET_ID, ASSET_TYPE, LATITUDE, LONGITUDE, UPDATED) VALUES(3, 'DEVICES', 24.56, 77.48, '2021-03-15T12:28:28.136789');
INSERT INTO ASSETS_HISTORY(ASSET_ID, ASSET_TYPE, LATITUDE, LONGITUDE, UPDATED) VALUES(3, 'DEVICES', 24.56, 77.50, '2021-03-15T12:38:28.136789');

INSERT INTO ASSETS_HISTORY(ASSET_ID, ASSET_TYPE, LATITUDE, LONGITUDE, UPDATED) VALUES(4, 'TRUCK', 22.56, 79.32, '2021-03-23T12:41:28.136789');
INSERT INTO ASSETS_HISTORY(ASSET_ID, ASSET_TYPE, LATITUDE, LONGITUDE, UPDATED) VALUES(4, 'TRUCK', 22.56, 79.34, '2021-03-15T12:08:28.136789');
INSERT INTO ASSETS_HISTORY(ASSET_ID, ASSET_TYPE, LATITUDE, LONGITUDE, UPDATED) VALUES(4, 'TRUCK', 22.56, 79.36, '2021-03-15T12:18:28.136789');
INSERT INTO ASSETS_HISTORY(ASSET_ID, ASSET_TYPE, LATITUDE, LONGITUDE, UPDATED) VALUES(4, 'TRUCK', 22.56, 79.38, '2021-03-15T12:28:28.136789');
INSERT INTO ASSETS_HISTORY(ASSET_ID, ASSET_TYPE, LATITUDE, LONGITUDE, UPDATED) VALUES(4, 'TRUCK', 22.56, 79.40, '2021-03-15T12:38:28.136789');

-- postgres installation and setup steps
-- https://www.digitalocean.com/community/tutorials/how-to-install-and-use-postgresql-on-ubuntu-18-04
-- https://developer.okta.com/blog/2018/12/13/build-basic-app-spring-boot-jpa
-- sudo apt update
-- sudo apt install postgresql postgresql-contrib
-- sudo -i -u postgres
-- psql
-- create user jumbogps;
-- alter user jumbogps with encrypted password 'jumbo';
-- create database jumboassets;
-- grant all privileges on database jumboassets to jumbogps;
-- 
-- auto generated ddls
-- create table assets (asset_id bigserial not null, asset_type varchar(255), primary key (asset_id))
-- create table assets_active (asset_id int8 not null, asset_type varchar(255), latitude float8, longitude float8, updated timestamp, primary key (asset_id))
-- create table assets_history (id  bigserial not null, asset_id int8, asset_type varchar(255), latitude float8, longitude float8, updated timestamp, primary key (id))

